age,fnlwgt,education-num,capital-gain,capital-loss,hours-per-week,workclass,education,marital-status,occupation,relationship,sex,native-country,type
0.06824556855328197,-1.0152961781539456,1.0389270397179136,0.4704044063321261,-0.2429277792843272,-0.02496109307985433, State-gov, Bachelors, Never-married, Adm-clerical, Not-in-family, Male, United-States, <=50K
0.8901812482095971,-0.9644665230615895,1.0389270397179136,-0.23507402286269047,-0.2429277792843272,-2.3225162515664213, Self-emp-not-inc, Bachelors, Married-civ-spouse, Exec-managerial, Husband, Male, United-States, <=50K
-0.006475856870019402,0.19628281371959116,-0.4523557924130626,-0.23507402286269047,-0.2429277792843272,-0.02496109307985433, Private, HS-grad, Divorced, Handlers-cleaners, Not-in-family, Male, United-States, <=50K
1.114345524479501,0.36359526771211786,-1.1979972084785506,-0.23507402286269047,-0.2429277792843272,-0.02496109307985433, Private, 11th, Married-civ-spouse, Handlers-cleaners, Husband, Male, United-States, <=50K
-0.7536901111030331,1.2730733138236308,1.0389270397179136,-0.23507402286269047,-0.2429277792843272,-0.02496109307985433, Private, Bachelors, Married-civ-spouse, Prof-specialty, Wife, Female, Cuba, <=50K
-0.08119728229332078,0.8009408125887298,1.4117477477506575,-0.23507402286269047,-0.2429277792843272,-0.02496109307985433, Private, Masters, Married-civ-spouse, Exec-managerial, Wife, Female, United-States, <=50K
0.8154598227862957,-0.29016444111508977,-1.9436386245440387,-0.23507402286269047,-0.2429277792843272,-2.0672323450679135, Private, 9th, Married-spouse-absent, Other-service, Not-in-family, Female, Jamaica, <=50K
1.0396240990561998,0.14361995795177304,-0.4523557924130626,-0.23507402286269047,-0.2429277792843272,0.40051208441765807, Self-emp-not-inc, HS-grad, Married-civ-spouse, Exec-managerial, Husband, Male, United-States, >50K
-0.529525834833129,-1.2936532280859423,1.4117477477506575,4.3352839333377675,-0.2429277792843272,0.8259852619151704, Private, Masters, Never-married, Prof-specialty, Not-in-family, Female, United-States, >50K
0.2924098448231861,-0.2966376568973432,1.0389270397179136,1.4452237261578982,-0.2429277792843272,-0.02496109307985433, Private, Bachelors, Married-civ-spouse, Exec-managerial, Husband, Male, United-States, >50K
-0.08119728229332078,0.7648206193755595,-0.07953508438031857,-0.23507402286269047,-0.2429277792843272,3.3788243269002445, Private, Some-college, Married-civ-spouse, Exec-managerial, Husband, Male, United-States, >50K
-0.6042472602564304,-0.4558542055145042,1.0389270397179136,-0.23507402286269047,-0.2429277792843272,-0.02496109307985433, State-gov, Bachelors, Married-civ-spouse, Prof-specialty, Husband, Male, India, >50K
-1.12729723821954,-0.6227280947521356,1.0389270397179136,-0.23507402286269047,-0.2429277792843272,-0.8759074480748791, Private, Bachelors, Never-married, Adm-clerical, Own-child, Female, United-States, <=50K
-0.45480440940982764,0.10307026071416095,0.6661063316851694,-0.23507402286269047,-0.2429277792843272,0.8259852619151704, Private, Assoc-acdm, Never-married, Sales, Not-in-family, Male, United-States, <=50K
0.14296699397658336,-0.6271137423010879,0.29328562365242544,-0.23507402286269047,-0.2429277792843272,-0.02496109307985433, Private, Assoc-voc, Married-civ-spouse, Craft-repair, Husband, Male, United-States, >50K
-0.3053615585632249,0.4580270307361568,-2.3164593325767826,-0.23507402286269047,-0.2429277792843272,0.40051208441765807, Private, 7th-8th, Married-civ-spouse, Transport-moving, Husband, Male, Mexico, <=50K
-0.9778543873729373,-0.1448328526379115,-0.4523557924130626,-0.23507402286269047,-0.2429277792843272,-0.4504342705773667, Self-emp-not-inc, HS-grad, Never-married, Farming-fishing, Own-child, Male, United-States, <=50K
-0.45480440940982764,-0.05652345359220988,-0.4523557924130626,-0.23507402286269047,-0.2429277792843272,-0.02496109307985433, Private, HS-grad, Never-married, Machine-op-inspct, Unmarried, Male, United-States, <=50K
-0.006475856870019402,-1.4418354874699395,-1.1979972084785506,-0.23507402286269047,-0.2429277792843272,0.8259852619151704, Private, 11th, Married-civ-spouse, Sales, Husband, Male, United-States, <=50K
0.36713127024648745,0.8675412562671181,1.4117477477506575,-0.23507402286269047,-0.2429277792843272,0.40051208441765807, Self-emp-not-inc, Masters, Divorced, Exec-managerial, Unmarried, Female, United-States, >50K
0.14296699397658336,0.002244223563749701,2.1573891638161458,-0.23507402286269047,-0.2429277792843272,1.676931616910195, Private, Doctorate, Married-civ-spouse, Prof-specialty, Husband, Male, United-States, >50K
1.1890669499028026,0.954999839688323,-0.4523557924130626,-0.23507402286269047,-0.2429277792843272,-1.7268538030699039, Private, HS-grad, Separated, Other-service, Unmarried, Female, United-States, <=50K
-0.23064013313992351,-1.0211817171646396,-1.9436386245440387,-0.23507402286269047,-0.2429277792843272,-0.02496109307985433, Federal-gov, 9th, Married-civ-spouse, Farming-fishing, Husband, Male, United-States, <=50K
0.36713127024648745,-0.6686458245896653,-1.1979972084785506,-0.23507402286269047,4.540664557249869,-0.02496109307985433, Private, 11th, Married-civ-spouse, Transport-moving, Husband, Male, United-States, <=50K
1.5626740770193095,-0.7390091538650545,-0.4523557924130626,-0.23507402286269047,-0.2429277792843272,-0.02496109307985433, Private, HS-grad, Divorced, Tech-support, Unmarried, Female, United-States, <=50K
1.3385098007494054,0.20685222431256597,1.0389270397179136,-0.23507402286269047,-0.2429277792843272,-0.02496109307985433, Local-gov, Bachelors, Married-civ-spouse, Tech-support, Husband, Male, United-States, >50K
-1.4261829399127455,-0.21905555175637867,-0.4523557924130626,-0.23507402286269047,-0.2429277792843272,-0.02496109307985433, Private, HS-grad, Never-married, Craft-repair, Own-child, Male, United-States, <=50K
1.1890669499028026,-0.11452802807465177,-0.07953508438031857,-0.23507402286269047,-0.2429277792843272,1.676931616910195, Private, Some-college, Married-civ-spouse, Prof-specialty, Husband, Male, South, >50K
0.06824556855328197,1.526133948693271,-0.4523557924130626,-0.23507402286269047,-0.2429277792843272,3.3788243269002445, Private, HS-grad, Divorced, Exec-managerial, Not-in-family, Male, United-States, <=50K
0.8154598227862957,0.0008583589382808035,-0.4523557924130626,-0.23507402286269047,-0.2429277792843272,-0.02496109307985433, Private, HS-grad, Married-civ-spouse, Craft-repair, Husband, Male, United-States, <=50K
-1.12729723821954,-0.022446972136851227,0.6661063316851694,-0.23507402286269047,-0.2429277792843272,0.9961745329141753, Local-gov, Assoc-acdm, Never-married, Protective-serv, Not-in-family, Male, United-States, <=50K
-1.3514615144894442,0.6380841765059386,-0.07953508438031857,-0.23507402286269047,-0.2429277792843272,0.31541744891815554, Private, Some-college, Never-married, Sales, Own-child, Male, United-States, <=50K
0.5165741210930902,1.69875303622003,1.0389270397179136,-0.23507402286269047,3.055455183418977,-0.02496109307985433, Private, Bachelors, Divorced, Exec-managerial, Own-child, Male, United-States, <=50K
-0.6042472602564304,-1.1693639765486366,-0.07953508438031857,-0.23507402286269047,-0.2429277792843272,-0.02496109307985433, Federal-gov, Some-college, Married-civ-spouse, Adm-clerical, Own-child, Male, United-States, <=50K
-1.2020186636428414,1.0371517895752957,-0.07953508438031857,-0.23507402286269047,-0.2429277792843272,-2.152326980567416, State-gov, Some-college, Married-civ-spouse, Other-service, Husband, Male, United-States, <=50K
0.7407383973629943,0.4310026705395133,-1.1979972084785506,-0.23507402286269047,-0.2429277792843272,-0.02496109307985433, Private, 11th, Never-married, Machine-op-inspct, Unmarried, Male, Puerto-Rico, <=50K
-1.2767400890661427,0.03448750434364633,-0.07953508438031857,-0.23507402286269047,-0.2429277792843272,-0.02496109307985433, Private, Some-college, Never-married, Machine-op-inspct, Own-child, Male, United-States, <=50K
-1.4261829399127455,3.0771708321508067,-0.4523557924130626,-0.23507402286269047,-0.2429277792843272,-1.3013806255723914, Private, HS-grad, Married-AF-spouse, Adm-clerical, Wife, Female, United-States, <=50K
-0.529525834833129,-0.9570723212940561,-0.07953508438031857,-0.23507402286269047,-0.2429277792843272,-0.19515036407885927, Private, Some-college, Married-civ-spouse, Sales, Husband, Male, United-States, >50K
0.7407383973629943,0.633365219743266,0.6661063316851694,-0.23507402286269047,-0.2429277792843272,-0.02496109307985433, Self-emp-not-inc, Assoc-acdm, Married-civ-spouse, Prof-specialty, Husband, Male, United-States, <=50K
-0.529525834833129,2.7595096088851,-1.9436386245440387,-0.23507402286269047,-0.2429277792843272,0.2303228134186531, Private, 9th, Married-civ-spouse, Machine-op-inspct, Husband, Male, United-States, <=50K
1.114345524479501,-0.918899645027976,1.0389270397179136,-0.23507402286269047,-0.2429277792843272,-0.02496109307985433, Self-emp-not-inc, Bachelors, Married-civ-spouse, Prof-specialty, Husband, Male, United-States, <=50K
-1.0525758127962386,-0.17789186386191325,1.0389270397179136,-0.23507402286269047,-0.2429277792843272,0.8259852619151704, Private, Bachelors, Married-civ-spouse, Tech-support, Husband, Male, United-States, <=50K
0.8154598227862957,-0.8651140634876262,-0.4523557924130626,-0.23507402286269047,-0.2429277792843272,-0.02496109307985433, Private, HS-grad, Separated, Adm-clerical, Unmarried, Female, United-States, <=50K
-0.9778543873729373,0.8482882635272179,-0.4523557924130626,-0.23507402286269047,-0.2429277792843272,-0.4504342705773667, Private, HS-grad, Never-married, Handlers-cleaners, Not-in-family, Male, United-States, <=50K
1.4132312261727067,1.268564868143308,1.0389270397179136,-0.23507402286269047,-0.2429277792843272,-0.02496109307985433, Federal-gov, Bachelors, Married-civ-spouse, Prof-specialty, Husband, Male, United-States, >50K
1.114345524479501,-0.428978957334525,-0.4523557924130626,-0.23507402286269047,-0.2429277792843272,-0.19515036407885927, Private, HS-grad, Married-civ-spouse, Machine-op-inspct, Husband, Male, United-States, <=50K
0.44185269566978885,-0.569381077966681,1.4117477477506575,-0.23507402286269047,-0.2429277792843272,-0.02496109307985433, Private, Masters, Divorced, Exec-managerial, Unmarried, Female, United-States, <=50K
0.2176884193998847,-0.804021993130722,0.29328562365242544,-0.23507402286269047,-0.2429277792843272,-0.02496109307985433, State-gov, Assoc-voc, Married-civ-spouse, Craft-repair, Husband, Male, United-States, <=50K
-0.6789686856797318,0.6858965060846156,0.29328562365242544,-0.23507402286269047,-0.2429277792843272,0.2303228134186531, Private, Assoc-voc, Never-married, Prof-specialty, Not-in-family, Male, United-States, <=50K
-0.9778543873729373,-1.4121183396782393,-0.07953508438031857,-0.23507402286269047,-0.2429277792843272,-0.02496109307985433, Private, Some-college, Married-civ-spouse, Exec-managerial, Wife, Female, United-States, <=50K
-1.5009043653360468,0.2954861612768901,-0.4523557924130626,-0.23507402286269047,-0.2429277792843272,-0.8759074480748791, Private, HS-grad, Never-married, Other-service, Own-child, Female, United-States, <=50K
0.666016971939693,-1.240551807563229,1.7845684557834016,-0.23507402286269047,4.212700342208347,1.676931616910195, Private, Prof-school, Married-civ-spouse, Prof-specialty, Wife, Female, Honduras, >50K
0.8901812482095971,0.511514388243178,1.0389270397179136,-0.23507402286269047,-0.2429277792843272,1.2514584394126829, Federal-gov, Bachelors, Divorced, Exec-managerial, Not-in-family, Male, United-States, >50K
0.666016971939693,-0.7318430057700666,-0.4523557924130626,-0.23507402286269047,-0.2429277792843272,1.676931616910195, Self-emp-inc, HS-grad, Divorced, Exec-managerial, Not-in-family, Male, United-States, <=50K
0.36713127024648745,0.3922949452724611,-0.07953508438031857,-0.23507402286269047,-0.2429277792843272,-0.02496109307985433, Private, Some-college, Married-civ-spouse, Tech-support, Husband, Male, United-States, >50K
0.5912955465163916,0.20522953471945365,-2.6892800406095265,-0.23507402286269047,-0.2429277792843272,-0.02496109307985433, Private, 5th-6th, Married-civ-spouse, Machine-op-inspct, Husband, Male, Mexico, <=50K
-0.23064013313992351,-1.2009318676059946,0.29328562365242544,-0.23507402286269047,-0.2429277792843272,-0.02496109307985433, Private, Assoc-voc, Married-civ-spouse, Other-service, Husband, Male, Puerto-Rico, <=50K
0.2176884193998847,-0.4025685877947348,-0.4523557924130626,-0.23507402286269047,-0.2429277792843272,0.6557959909161655, Private, HS-grad, Married-civ-spouse, Adm-clerical, Husband, Male, United-States, <=50K
-0.6042472602564304,-0.04492780147278024,-0.4523557924130626,1.3916800551288528,-0.2429277792843272,-0.02496109307985433, Private, HS-grad, Married-civ-spouse, Machine-op-inspct, Husband, Male, United-States, <=50K
-0.6042472602564304,-1.173354915818183,1.0389270397179136,0.5460145599670811,-0.2429277792843272,-0.02496109307985433, Private, Bachelors, Married-civ-spouse, Sales, Husband, Male, United-States, <=50K
-0.45480440940982764,0.8829875069345278,-2.3164593325767826,-0.23507402286269047,-0.2429277792843272,-0.02496109307985433, Private, 7th-8th, Married-spouse-absent, Sales, Not-in-family, Male, United-States, <=50K
0.7407383973629943,-0.3826752905126876,-0.4523557924130626,-0.23507402286269047,-0.2429277792843272,-0.02496109307985433, Private, HS-grad, Married-civ-spouse, Transport-moving, Husband, Male, United-States, <=50K
0.2924098448231861,-0.6721981991043166,2.1573891638161458,-0.23507402286269047,-0.2429277792843272,0.40051208441765807, Private, Doctorate, Married-civ-spouse, Prof-specialty, Husband, Male, United-States, >50K
-0.6789686856797318,-0.7689806692145938,-0.07953508438031857,-0.23507402286269047,-0.2429277792843272,1.5067423459111902, Private, Some-college, Divorced, Tech-support, Not-in-family, Male, United-States, <=50K
-0.15591870771662214,-0.3309509633203453,-0.4523557924130626,-0.23507402286269047,-0.2429277792843272,-0.02496109307985433, Private, HS-grad, Married-civ-spouse, Craft-repair, Husband, Male, United-States, <=50K
-0.7536901111030331,-0.08852990940446308,-0.07953508438031857,-0.23507402286269047,-0.2429277792843272,-0.02496109307985433, Private, Some-college, Divorced, Adm-clerical, Not-in-family, Female, United-States, <=50K
1.114345524479501,-0.20544250176443102,-0.4523557924130626,-0.23507402286269047,-0.2429277792843272,-0.02496109307985433, Private, HS-grad, Married-civ-spouse, Adm-clerical, Wife, Female, United-States, >50K
0.8154598227862957,-0.013921273301688134,-0.07953508438031857,-0.23507402286269047,-0.2429277792843272,0.8259852619151704, Self-emp-inc, Some-college, Married-civ-spouse, Exec-managerial, Husband, Male, United-States, >50K
-0.9778543873729373,0.0650203825794516,-0.07953508438031857,-0.23507402286269047,-0.2429277792843272,-0.02496109307985433, Private, Some-college, Never-married, Sales, Own-child, Male, United-States, <=50K
-1.4261829399127455,-0.804846494869925,-0.07953508438031857,-0.23507402286269047,-0.2429277792843272,-0.7057181770758741, Private, Some-college, Never-married, Prof-specialty, Own-child, Male, United-States, <=50K
-0.529525834833129,1.0236615377147187,1.0389270397179136,-0.23507402286269047,-0.2429277792843272,-0.02496109307985433, Private, Bachelors, Separated, Sales, Own-child, Female, United-States, <=50K
-0.6789686856797318,-0.2716482371634135,1.0389270397179136,-0.23507402286269047,-0.2429277792843272,2.52787797190522, Self-emp-not-inc, Bachelors, Married-civ-spouse, Sales, Husband, Male, United-States, >50K
-1.12729723821954,0.16147831477110644,-0.07953508438031857,-0.23507402286269047,-0.2429277792843272,-0.02496109307985433, Private, Some-college, Never-married, Machine-op-inspct, Not-in-family, Male, United-States, <=50K
3.057102585485337,-0.6010454532701159,-0.07953508438031857,-0.23507402286269047,-0.2429277792843272,-1.7268538030699039, Private, Some-college, Married-civ-spouse, Prof-specialty, Other-relative, Male, United-States, <=50K
-0.8284115365263345,0.18115232967570605,-0.4523557924130626,-0.23507402286269047,-0.2429277792843272,-0.02496109307985433, Private, HS-grad, Never-married, Other-service, Own-child, Male, Mexico, <=50K
0.14296699397658336,-1.4126533886792114,0.6661063316851694,-0.23507402286269047,-0.2429277792843272,-0.02496109307985433, Private, Assoc-acdm, Married-civ-spouse, Adm-clerical, Husband, Male, United-States, <=50K
2.1604454804057203,0.1709600847719411,-1.5708179165112945,-0.23507402286269047,-0.2429277792843272,-3.2585572420609483, Private, 10th, Married-civ-spouse, Sales, Husband, Male, United-States, <=50K
-1.5009043653360468,1.0206792973814314,-1.1979972084785506,-0.23507402286269047,-0.2429277792843272,-1.556664532070899, Private, 11th, Never-married, Other-service, Own-child, Female, United-States, <=50K
-0.529525834833129,-0.590669011169295,-2.3164593325767826,-0.23507402286269047,-0.2429277792843272,-0.02496109307985433, Local-gov, 7th-8th, Married-civ-spouse, Farming-fishing, Husband, Male, United-States, <=50K
-1.5009043653360468,2.2241448412894065,-0.4523557924130626,-0.23507402286269047,-0.2429277792843272,-0.8759074480748791, Private, HS-grad, Never-married, Sales, Not-in-family, Male, United-States, <=50K
1.0396240990561998,0.7301827750339349,1.0389270397179136,-0.23507402286269047,-0.2429277792843272,-0.02496109307985433, Private, Bachelors, Married-civ-spouse, Other-service, Husband, Male, Cuba, <=50K
0.5912955465163916,-1.2424551785994742,-0.4523557924130626,-0.23507402286269047,-0.2429277792843272,-0.02496109307985433, Private, HS-grad, Married-civ-spouse, Other-service, Wife, Female, United-States, <=50K
1.5626740770193095,-0.29235726488956587,-0.4523557924130626,-0.23507402286269047,-0.2429277792843272,0.6557959909161655, Private, HS-grad, Married-civ-spouse, Sales, Husband, Male, United-States, <=50K
0.44185269566978885,1.3185261650209714,-0.4523557924130626,4.419655778595657,-0.2429277792843272,-0.02496109307985433, Private, HS-grad, Divorced, Craft-repair, Not-in-family, Female, United-States, >50K
1.114345524479501,1.341875352571593,-0.4523557924130626,-0.23507402286269047,-0.2429277792843272,-0.4504342705773667, Private, HS-grad, Divorced, Sales, Own-child, Female, United-States, <=50K
0.8154598227862957,0.6575476803281886,-0.4523557924130626,-0.23507402286269047,-0.2429277792843272,-0.02496109307985433, Local-gov, HS-grad, Married-civ-spouse, Protective-serv, Husband, Male, United-States, >50K
-0.3800829839865263,0.07703705686358064,1.4117477477506575,-0.23507402286269047,-0.2429277792843272,0.8259852619151704, Private, Masters, Married-civ-spouse, Prof-specialty, Husband, Male, United-States, <=50K
-0.6042472602564304,-1.2186323411135658,-1.9436386245440387,-0.23507402286269047,-0.2429277792843272,-0.02496109307985433, Private, 9th, Never-married, Sales, Not-in-family, Male, United-States, <=50K
0.36713127024648745,1.9086238140275888,2.1573891638161458,-0.23507402286269047,-0.2429277792843272,0.8259852619151704, Federal-gov, Doctorate, Never-married, Prof-specialty, Not-in-family, Female, United-States, >50K
1.4132312261727067,0.4974101457257476,0.29328562365242544,-0.23507402286269047,-0.2429277792843272,-0.02496109307985433, Private, Assoc-voc, Married-civ-spouse, Prof-specialty, Husband, Male, United-States, <=50K
-0.08119728229332078,0.8197815544590286,-0.07953508438031857,-0.23507402286269047,-0.2429277792843272,-0.02496109307985433, Private, Some-college, Divorced, Craft-repair, Unmarried, Female, United-States, <=50K
-0.7536901111030331,0.16924091093275184,-0.07953508438031857,-0.23507402286269047,-0.2429277792843272,-1.3013806255723914, Private, Some-college, Divorced, Machine-op-inspct, Unmarried, Female, United-States, <=50K
-0.6042472602564304,-0.6624182050701531,-0.4523557924130626,-0.23507402286269047,3.441984436860771,-0.4504342705773667, Private, HS-grad, Married-civ-spouse, Sales, Wife, Female, United-States, <=50K
-0.3053615585632249,0.28969710651227315,1.0389270397179136,-0.23507402286269047,-0.2429277792843272,-0.02496109307985433, Local-gov, Bachelors, Married-civ-spouse, Protective-serv, Husband, Male, United-States, >50K
-0.6789686856797318,-0.6813817450718225,-0.07953508438031857,-0.23507402286269047,-0.2429277792843272,0.8259852619151704, Local-gov, Some-college, Never-married, Handlers-cleaners, Not-in-family, Male, United-States, <=50K
0.7407383973629943,-0.01746487652124152,2.1573891638161458,-0.23507402286269047,4.212700342208347,1.676931616910195, Self-emp-not-inc, Doctorate, Married-civ-spouse, Prof-specialty, Husband, Male, United-States, >50K
-0.08119728229332078,0.08258051536545623,-0.07953508438031857,-0.23507402286269047,-0.2429277792843272,0.6557959909161655, Private, Some-college, Married-civ-spouse, Sales, Husband, Male, United-States, >50K
0.7407383973629943,-0.1944871541871484,0.6661063316851694,-0.23507402286269047,-0.2429277792843272,-0.02496109307985433, Private, Assoc-acdm, Divorced, Exec-managerial, Unmarried, Female, England, <=50K
-0.45480440940982764,0.4924280501101379,-0.4523557924130626,-0.23507402286269047,-0.2429277792843272,-0.02496109307985433, Federal-gov, HS-grad, Never-married, Other-service, Own-child, Male, United-States, <=50K
2.8329383092154328,-0.6058959794592571,1.4117477477506575,-0.23507402286269047,-0.2429277792843272,-0.02496109307985433, Private, Masters, Married-civ-spouse, Exec-managerial, Husband, Male, United-States, >50K
0.44185269566978885,0.043978045639578904,1.0389270397179136,4.640320604654754,-0.2429277792843272,1.676931616910195, Private, Bachelors, Married-civ-spouse, Exec-managerial, Husband, Male, United-States, >50K
0.666016971939693,-0.38727144914398953,1.4117477477506575,-0.23507402286269047,-0.2429277792843272,0.8259852619151704, Self-emp-not-inc, Masters, Never-married, Prof-specialty, Not-in-family, Female, United-States, <=50K
-1.3514615144894442,-0.04357702202770296,-0.07953508438031857,-0.23507402286269047,-0.2429277792843272,-0.02496109307985433, Private, Some-college, Never-married, Tech-support, Own-child, Female, United-States, <=50K
-0.6789686856797318,-0.7879792943966548,-0.4523557924130626,-0.23507402286269047,-0.2429277792843272,-0.02496109307985433, Private, HS-grad, Never-married, Craft-repair, Not-in-family, Male, United-States, <=50K
-0.45480440940982764,1.0910777118372121,-0.4523557924130626,2.2597365399936797,-0.2429277792843272,-0.02496109307985433, Self-emp-inc, HS-grad, Married-civ-spouse, Craft-repair, Husband, Male, United-States, >50K
-1.5756257907593483,0.9789191614203083,-1.5708179165112945,10.828995454320966,-0.2429277792843272,-0.7057181770758741, Private, 10th, Never-married, Sales, Own-child, Female, United-States, <=50K
-0.6042472602564304,0.01432229691356408,-1.1979972084785506,-0.23507402286269047,-0.2429277792843272,-0.02496109307985433, Private, 11th, Never-married, Handlers-cleaners, Own-child, Male, United-States, <=50K
-0.529525834833129,-0.0351127222582252,-0.4523557924130626,-0.23507402286269047,-0.2429277792843272,-0.02496109307985433, Local-gov, HS-grad, Never-married, Adm-clerical, Not-in-family, Female, United-States, <=50K
0.2924098448231861,-0.601501560615207,-0.4523557924130626,-0.23507402286269047,-0.2429277792843272,-0.02496109307985433, Private, HS-grad, Married-civ-spouse, Handlers-cleaners, Husband, Male, United-States, <=50K
-1.0525758127962386,2.097285600288415,1.0389270397179136,-0.23507402286269047,-0.2429277792843272,-0.02496109307985433, Private, Bachelors, Never-married, Sales, Other-relative, Male, United-States, <=50K
-0.006475856870019402,-1.1222358079875963,1.7845684557834016,-0.23507402286269047,-0.2429277792843272,-0.02496109307985433, Private, Prof-school, Married-civ-spouse, Prof-specialty, Husband, Male, United-States, >50K
1.3385098007494054,1.2484786023691068,-0.4523557924130626,-0.23507402286269047,4.177561319168184,0.8259852619151704, Self-emp-not-inc, HS-grad, Married-civ-spouse, Other-service, Husband, Male, Canada, >50K
-0.7536901111030331,1.619188618386939,-0.07953508438031857,1.0837228199375555,-0.2429277792843272,-1.3013806255723914, Private, Some-college, Married-civ-spouse, Sales, Wife, Female, United-States, <=50K
-0.15591870771662214,-0.7929613900122645,-0.4523557924130626,-0.23507402286269047,-0.2429277792843272,-0.02496109307985433, Private, HS-grad, Never-married, Machine-op-inspct, Own-child, Female, United-States, <=50K
1.114345524479501,-0.8562638267338407,-1.9436386245440387,-0.23507402286269047,-0.2429277792843272,0.8259852619151704, Private, 9th, Married-civ-spouse, Handlers-cleaners, Husband, Male, United-States, <=50K
1.3385098007494054,0.9632799422607448,-0.07953508438031857,-0.23507402286269047,-0.2429277792843272,0.8259852619151704, Self-emp-inc, Some-college, Married-civ-spouse, Sales, Husband, Male, United-States, <=50K
0.8154598227862957,0.035987395805387984,0.29328562365242544,-0.23507402286269047,-0.2429277792843272,-0.02496109307985433, Local-gov, Assoc-voc, Married-civ-spouse, Craft-repair, Husband, Male, United-States, >50K
1.2637883753261039,0.4761397551133294,-0.07953508438031857,-0.23507402286269047,-0.2429277792843272,1.3365530749121852, Private, Some-college, Married-civ-spouse, Sales, Husband, Male, United-States, <=50K
-1.2020186636428414,-0.7949963304749783,-0.4523557924130626,-0.23507402286269047,-0.2429277792843272,0.06013354241964814, Private, HS-grad, Never-married, Craft-repair, Not-in-family, Male, United-States, <=50K
-1.2767400890661427,0.058301570534456816,-0.07953508438031857,-0.23507402286269047,-0.2429277792843272,-0.02496109307985433, Private, Some-college, Never-married, Other-service, Own-child, Female, United-States, <=50K
0.14296699397658336,-0.6527171526918708,1.0389270397179136,-0.23507402286269047,-0.2429277792843272,1.676931616910195, Private, Bachelors, Married-civ-spouse, Exec-managerial, Husband, Male, United-States, <=50K
-0.6042472602564304,-1.018567871225464,1.0389270397179136,-0.23507402286269047,-0.2429277792843272,-0.02496109307985433, Private, Bachelors, Never-married, Exec-managerial, Own-child, Male, Germany, <=50K
-0.6789686856797318,0.6553987130292019,1.0389270397179136,-0.23507402286269047,-0.2429277792843272,0.8259852619151704, State-gov, Bachelors, Married-civ-spouse, Prof-specialty, Husband, Male, United-States, >50K
-1.4261829399127455,0.9502633403354547,-0.07953508438031857,-0.23507402286269047,-0.2429277792843272,-0.4504342705773667, Private, Some-college, Never-married, Other-service, Own-child, Male, United-States, <=50K
0.666016971939693,0.8294124364765276,1.0389270397179136,-0.23507402286269047,-0.2429277792843272,-0.02496109307985433, Private, Bachelors, Married-civ-spouse, Exec-managerial, Wife, Female, United-States, >50K
-1.3514615144894442,-0.7154845404124748,-0.07953508438031857,-0.23507402286269047,3.784004261118358,-1.0460967190738841, Private, Some-college, Never-married, Adm-clerical, Own-child, Female, United-States, <=50K
-0.529525834833129,-0.6870655442952646,0.6661063316851694,-0.23507402286269047,-0.2429277792843272,-0.02496109307985433, Private, Assoc-acdm, Married-civ-spouse, Adm-clerical, Husband, Male, United-States, >50K
-0.23064013313992351,-0.5610395763285739,-0.4523557924130626,-0.23507402286269047,-0.2429277792843272,-0.02496109307985433, Private, HS-grad, Married-civ-spouse, Sales, Husband, Male, United-States, <=50K
0.06824556855328197,1.5127928088493585,-0.07953508438031857,-0.23507402286269047,-0.2429277792843272,-0.02496109307985433, Private, Some-college, Divorced, Craft-repair, Not-in-family, Male, United-States, <=50K
-0.7536901111030331,-1.084545552951901,0.6661063316851694,-0.23507402286269047,-0.2429277792843272,1.676931616910195, Private, Assoc-acdm, Never-married, Sales, Not-in-family, Female, United-States, <=50K
-1.0525758127962386,-1.3152130714365913,-0.4523557924130626,-0.23507402286269047,3.8847361271668253,-0.02496109307985433, Private, HS-grad, Never-married, Other-service, Not-in-family, Female, United-States, <=50K
-0.006475856870019402,-0.6340167515431386,-0.4523557924130626,1.1882141052184803,-0.2429277792843272,-0.4504342705773667, Self-emp-not-inc, HS-grad, Married-civ-spouse, Craft-repair, Husband, Male, United-States, <=50K
-0.08119728229332078,0.5344688675143938,1.0389270397179136,-0.23507402286269047,-0.2429277792843272,0.8259852619151704, Private, Bachelors, Married-civ-spouse, Sales, Husband, Male, United-States, <=50K
0.5912955465163916,-0.41289240212496836,0.6661063316851694,-0.23507402286269047,-0.2429277792843272,-0.3653396350778642, Private, Assoc-acdm, Divorced, Tech-support, Not-in-family, Female, United-States, <=50K
-0.006475856870019402,-0.5906163833987076,1.4117477477506575,-0.23507402286269047,-0.2429277792843272,-0.02496109307985433, Federal-gov, Masters, Married-civ-spouse, Prof-specialty, Husband, Male, Iran, >50K
0.36713127024648745,-1.1959497719903849,-0.4523557924130626,-0.23507402286269047,-0.2429277792843272,1.676931616910195, Self-emp-not-inc, HS-grad, Married-civ-spouse, Craft-repair, Husband, Male, United-States, <=50K
-0.8284115365263345,-0.2643768335272508,0.29328562365242544,-0.23507402286269047,-0.2429277792843272,-0.4504342705773667, Private, Assoc-voc, Married-civ-spouse, Adm-clerical, Wife, Female, United-States, <=50K
-1.3514615144894442,-1.3942687541540038,-0.07953508438031857,-0.23507402286269047,-0.2429277792843272,-1.7268538030699039, Private, Some-college, Never-married, Sales, Own-child, Male, United-States, <=50K
0.8154598227862957,-0.9762025159025857,-0.07953508438031857,-0.23507402286269047,-0.2429277792843272,-0.02496109307985433, Private, Some-college, Married-civ-spouse, Craft-repair, Husband, Male, United-States, >50K
1.712116927865912,-1.1109208373112995,-0.4523557924130626,-0.23507402286269047,-0.2429277792843272,-0.02496109307985433, Self-emp-inc, HS-grad, Married-civ-spouse, Craft-repair, Husband, Male, United-States, <=50K
-0.8284115365263345,0.3465877265172812,-0.07953508438031857,-0.23507402286269047,-0.2429277792843272,-0.02496109307985433, Private, Some-college, Never-married, Sales, Own-child, Female, United-States, <=50K
-1.4261829399127455,1.0841308461196717,-0.07953508438031857,-0.23507402286269047,-0.2429277792843272,-0.8759074480748791, Private, Some-college, Never-married, Other-service, Own-child, Male, Mexico, <=50K
0.5165741210930902,0.02908438656333721,0.29328562365242544,-0.23507402286269047,3.420901023036673,-0.02496109307985433, Private, Assoc-voc, Never-married, Prof-specialty, Not-in-family, Female, United-States, >50K
2.3846097566756246,-0.7709278967263287,-0.07953508438031857,-0.23507402286269047,-0.2429277792843272,-0.02496109307985433, Private, Some-college, Never-married, Tech-support, Other-relative, Male, United-States, <=50K
-0.529525834833129,-0.06538246164109333,-0.4523557924130626,-0.23507402286269047,-0.2429277792843272,-0.8759074480748791, Private, HS-grad, Never-married, Transport-moving, Unmarried, Female, United-States, <=50K
-1.2020186636428414,-0.15695478246321543,-0.07953508438031857,-0.23507402286269047,-0.2429277792843272,-1.386475261071894, Private, Some-college, Married-civ-spouse, Other-service, Husband, Male, United-States, <=50K
-0.15591870771662214,-0.7453420289257414,-0.4523557924130626,-0.23507402286269047,-0.2429277792843272,-1.386475261071894, Private, HS-grad, Widowed, Other-service, Unmarried, Female, United-States, <=50K
1.9362812041358164,-0.10557253577969136,-1.1979972084785506,-0.23507402286269047,4.8616009676833585,-0.02496109307985433, Private, 11th, Married-civ-spouse, Craft-repair, Husband, Male, United-States, <=50K
0.36713127024648745,-0.16319994457292336,-0.07953508438031857,-0.23507402286269047,-0.2429277792843272,-0.02496109307985433, Private, Some-college, Divorced, Sales, Not-in-family, Female, United-States, <=50K
0.666016971939693,-0.06367205909700198,-0.07953508438031857,-0.23507402286269047,-0.2429277792843272,-0.19515036407885927, Local-gov, Some-college, Divorced, Adm-clerical, Unmarried, Female, Mexico, <=50K
-0.3053615585632249,0.04310968742488637,-0.4523557924130626,-0.23507402286269047,-0.2429277792843272,-0.02496109307985433, Private, HS-grad, Never-married, Adm-clerical, Not-in-family, Female, United-States, <=50K
-0.3800829839865263,-0.26546447411939095,1.0389270397179136,-0.23507402286269047,-0.2429277792843272,-0.02496109307985433, Private, Bachelors, Never-married, Exec-managerial, Other-relative, Female, Philippines, <=50K
-1.2767400890661427,0.9024773246420714,-0.4523557924130626,-0.23507402286269047,-0.2429277792843272,-0.4504342705773667, Private, HS-grad, Never-married, Craft-repair, Own-child, Male, United-States, <=50K
1.0396240990561998,0.5230749551822159,-0.4523557924130626,-0.23507402286269047,-0.2429277792843272,0.40051208441765807, Private, HS-grad, Divorced, Prof-specialty, Not-in-family, Male, United-States, >50K
0.7407383973629943,-0.048708229659977044,-0.4523557924130626,-0.23507402286269047,-0.2429277792843272,0.48560671991716053, Private, HS-grad, Married-civ-spouse, Craft-repair, Husband, Male, United-States, <=50K
-1.12729723821954,0.18659930393150467,1.0389270397179136,-0.23507402286269047,-0.2429277792843272,-0.02496109307985433, Private, Bachelors, Never-married, Handlers-cleaners, Not-in-family, Male, United-States, <=50K
2.459331182098926,2.6397638882085093,-0.07953508438031857,-0.23507402286269047,4.011236610111412,-3.2585572420609483, Self-emp-not-inc, Some-college, Separated, Sales, Unmarried, Male, United-States, <=50K
-0.6789686856797318,-0.01520188238598218,-0.4523557924130626,-0.23507402286269047,-0.2429277792843272,1.676931616910195, Private, HS-grad, Divorced, Craft-repair, Not-in-family, Male, United-States, <=50K
0.2924098448231861,0.3086431039237467,1.0389270397179136,-0.23507402286269047,-0.2429277792843272,0.8259852619151704, Private, Bachelors, Separated, Other-service, Other-relative, Male, United-States, <=50K
2.2351669058290216,-1.3591221746967008,-3.062100748642271,-0.23507402286269047,-0.2429277792843272,-1.7268538030699039, Private, 1st-4th, Divorced, Sales, Not-in-family, Female, United-States, <=50K
-0.9778543873729373,0.5217504896224323,-0.4523557924130626,-0.23507402286269047,-0.2429277792843272,-0.02496109307985433, Private, HS-grad, Never-married, Other-service, Unmarried, Female, United-States, <=50K
0.44185269566978885,-1.0077704069599436,1.4117477477506575,-0.23507402286269047,-0.2429277792843272,-0.02496109307985433, Self-emp-inc, Masters, Divorced, Exec-managerial, Unmarried, Female, United-States, <=50K
-0.7536901111030331,-0.9196627477014938,-0.4523557924130626,-0.23507402286269047,-0.2429277792843272,-0.02496109307985433, Private, HS-grad, Never-married, Exec-managerial, Not-in-family, Female, England, <=50K
0.5165741210930902,0.06852012932351546,1.4117477477506575,-0.23507402286269047,-0.2429277792843272,-0.02496109307985433, Self-emp-not-inc, Masters, Married-civ-spouse, Sales, Husband, Male, United-States, >50K
-0.15591870771662214,0.12182328963348059,-0.07953508438031857,-0.23507402286269047,-0.2429277792843272,-0.02496109307985433, Private, Some-college, Divorced, Other-service, Unmarried, Female, Mexico, <=50K
0.06824556855328197,0.37029653716691685,0.6661063316851694,-0.23507402286269047,-0.2429277792843272,0.1452281779191506, Federal-gov, Assoc-acdm, Never-married, Exec-managerial, Not-in-family, Male, United-States, <=50K
0.5912955465163916,-0.7950314156553699,1.4117477477506575,-0.23507402286269047,-0.2429277792843272,-0.02496109307985433, State-gov, Masters, Widowed, Protective-serv, Unmarried, Male, United-States, <=50K
-1.5009043653360468,-1.468666879174429,-1.1979972084785506,-0.23507402286269047,-0.2429277792843272,-2.0672323450679135, Private, 11th, Never-married, Handlers-cleaners, Own-child, Male, United-States, <=50K
2.085724054982419,-1.2143168639253967,0.29328562365242544,-0.23507402286269047,-0.2429277792843272,-1.7268538030699039, Local-gov, Assoc-voc, Widowed, Prof-specialty, Not-in-family, Female, United-States, <=50K
-0.8284115365263345,-0.5992122525946539,-0.4523557924130626,-0.23507402286269047,4.395423262017195,-0.02496109307985433, Private, HS-grad, Never-married, Other-service, Not-in-family, Male, United-States, <=50K
-0.7536901111030331,-0.15738457592301275,-0.4523557924130626,-0.23507402286269047,-0.2429277792843272,-0.02496109307985433, State-gov, HS-grad, Married-civ-spouse, Protective-serv, Husband, Male, United-States, <=50K
0.9649026736328984,-0.8526237392682103,-0.07953508438031857,-0.23507402286269047,4.388395457409162,-0.02496109307985433, Private, Some-college, Married-civ-spouse, Sales, Husband, Male, United-States, >50K
-0.8284115365263345,2.059165551792922,1.0389270397179136,-0.23507402286269047,-0.2429277792843272,0.8259852619151704, Private, Bachelors, Never-married, Craft-repair, Not-in-family, Male, United-States, <=50K
-0.7536901111030331,-0.3828156312342541,1.0389270397179136,-0.23507402286269047,-0.2429277792843272,-0.02496109307985433, State-gov, Bachelors, Married-civ-spouse, Prof-specialty, Husband, Male, United-States, >50K
-0.8284115365263345,0.5310656050164069,-0.4523557924130626,-0.23507402286269047,-0.2429277792843272,-1.3013806255723914, Private, HS-grad, Married-spouse-absent, Sales, Unmarried, Female, United-States, <=50K
-1.2767400890661427,1.0498175396966698,-0.4523557924130626,-0.23507402286269047,-0.2429277792843272,-0.02496109307985433, Private, HS-grad, Never-married, Craft-repair, Own-child, Male, United-States, <=50K
-0.3053615585632249,2.5481389396157996,-0.4523557924130626,-0.23507402286269047,-0.2429277792843272,-0.02496109307985433, Private, HS-grad, Never-married, Handlers-cleaners, Not-in-family, Male, United-States, <=50K
-1.5009043653360468,-0.08190758160554525,-0.4523557924130626,-0.23507402286269047,-0.2429277792843272,-2.4076108870659234, Private, HS-grad, Never-married, Other-service, Own-child, Male, United-States, <=50K
-0.3800829839865263,-1.368270635483815,1.0389270397179136,-0.23507402286269047,-0.2429277792843272,2.1024047944077076, Private, Bachelors, Married-civ-spouse, Prof-specialty, Husband, Male, United-States, <=50K
0.44185269566978885,-0.10459015072872607,-0.07953508438031857,-0.23507402286269047,-0.2429277792843272,-0.19515036407885927, Local-gov, Some-college, Married-civ-spouse, Exec-managerial, Husband, Male, United-States, >50K
0.36713127024648745,-0.6901968966452164,-0.07953508438031857,-0.23507402286269047,-0.2429277792843272,-0.02496109307985433, Private, Some-college, Divorced, Adm-clerical, Not-in-family, Female, United-States, <=50K
-0.6042472602564304,3.863526208973035,-0.07953508438031857,-0.23507402286269047,-0.2429277792843272,0.40051208441765807, Private, Some-college, Never-married, Craft-repair, Not-in-family, Male, United-States, <=50K
0.14296699397658336,0.816623888223783,-2.3164593325767826,-0.23507402286269047,-0.2429277792843272,-0.02496109307985433, Private, 7th-8th, Married-civ-spouse, Machine-op-inspct, Husband, Male, Mexico, >50K
-0.08119728229332078,-1.4403706811885895,-0.07953508438031857,-0.23507402286269047,-0.2429277792843272,0.1452281779191506, Federal-gov, Some-college, Married-civ-spouse, Adm-clerical, Husband, Male, United-States, >50K
-0.3053615585632249,0.971524959652775,-0.4523557924130626,-0.23507402286269047,-0.2429277792843272,-0.02496109307985433, Private, HS-grad, Married-civ-spouse, Adm-clerical, Husband, Male, United-States, <=50K
0.2176884193998847,-0.4397851928951433,1.0389270397179136,-0.23507402286269047,-0.2429277792843272,-0.02496109307985433, Self-emp-not-inc, Bachelors, Divorced, Exec-managerial, Not-in-family, Female, United-States, <=50K
1.114345524479501,-0.5101660647607283,1.0389270397179136,-0.23507402286269047,-0.2429277792843272,0.8259852619151704, Private, Bachelors, Divorced, Sales, Not-in-family, Female, United-States, <=50K
-0.529525834833129,-0.8187139124197119,1.4117477477506575,-0.23507402286269047,-0.2429277792843272,0.8259852619151704, Private, Masters, Married-civ-spouse, Prof-specialty, Wife, Female, United-States, <=50K
1.487952651596008,-0.7341673989710112,2.1573891638161458,-0.23507402286269047,-0.2429277792843272,-3.343651877560451, State-gov, Doctorate, Married-civ-spouse, Prof-specialty, Husband, Male, United-States, >50K
-0.006475856870019402,-0.3337139212761852,-0.07953508438031857,-0.23507402286269047,-0.2429277792843272,-1.0460967190738841, Private, Some-college, Divorced, Machine-op-inspct, Not-in-family, Female, United-States, <=50K
-1.0525758127962386,-0.2956026440757905,-0.07953508438031857,-0.23507402286269047,-0.2429277792843272,-0.02496109307985433, Private, Some-college, Married-civ-spouse, Machine-op-inspct, Husband, Male, United-States, <=50K
0.2176884193998847,2.9001573257799977,1.0389270397179136,-0.23507402286269047,-0.2429277792843272,-0.02496109307985433, Local-gov, Bachelors, Married-civ-spouse, Craft-repair, Husband, Male, United-States, <=50K
0.666016971939693,-0.6344202311176422,-0.07953508438031857,-0.23507402286269047,-0.2429277792843272,0.40051208441765807, Private, Some-college, Married-civ-spouse, Tech-support, Husband, Male, United-States, <=50K
0.2176884193998847,-0.548277341961123,1.0389270397179136,-0.23507402286269047,-0.2429277792843272,-1.386475261071894, Federal-gov, Bachelors, Married-civ-spouse, Tech-support, Husband, Male, United-States, <=50K
-1.12729723821954,0.03612773652695445,-2.6892800406095265,-0.23507402286269047,-0.2429277792843272,-0.02496109307985433, Private, 5th-6th, Married-civ-spouse, Transport-moving, Other-relative, Male, Mexico, <=50K
-0.15591870771662214,-0.8235732099039509,-0.07953508438031857,-0.23507402286269047,-0.2429277792843272,-0.02496109307985433, Private, Some-college, Divorced, Craft-repair, Not-in-family, Male, United-States, <=50K
0.14296699397658336,-1.197046183877623,1.4117477477506575,4.3352839333377675,-0.2429277792843272,1.2514584394126829, Federal-gov, Masters, Never-married, Exec-managerial, Not-in-family, Female, United-States, >50K
-0.23064013313992351,-0.47607204071517384,1.4117477477506575,2.133178772106845,-0.2429277792843272,-0.02496109307985433, Private, Masters, Married-civ-spouse, Prof-specialty, Other-relative, Male, United-States, >50K
-1.0525758127962386,-1.406452083044993,-0.4523557924130626,-0.23507402286269047,-0.2429277792843272,-0.02496109307985433, Self-emp-not-inc, HS-grad, Never-married, Sales, Not-in-family, Male, United-States, <=50K
-0.9031329619496359,1.789772765450984,1.4117477477506575,-0.23507402286269047,4.151792702272064,-0.02496109307985433, Private, Masters, Never-married, Prof-specialty, Not-in-family, Female, United-States, <=50K
-1.4261829399127455,-0.19836406662042216,-0.4523557924130626,-0.23507402286269047,-0.2429277792843272,-0.02496109307985433, Private, HS-grad, Never-married, Sales, Own-child, Male, Italy, <=50K
0.9649026736328984,0.5793866697107622,1.0389270397179136,-0.23507402286269047,-0.2429277792843272,0.8259852619151704, Private, Bachelors, Married-civ-spouse, Exec-managerial, Husband, Male, United-States, >50K
0.2924098448231861,0.539863213999605,-0.07953508438031857,-0.23507402286269047,2.8961582789702383,-0.02496109307985433, Local-gov, Some-college, Never-married, Prof-specialty, Not-in-family, Female, United-States, <=50K
-0.08119728229332078,-1.2723389809980346,-0.4523557924130626,-0.23507402286269047,-0.2429277792843272,-0.4504342705773667, State-gov, HS-grad, Divorced, Adm-clerical, Unmarried, Female, United-States, <=50K
-1.5009043653360468,-0.46579208286042983,-1.1979972084785506,-0.23507402286269047,-0.2429277792843272,-0.02496109307985433, Private, 11th, Never-married, Sales, Own-child, Female, United-States, <=50K
-0.15591870771662214,-0.5658462460422256,1.0389270397179136,2.133178772106845,-0.2429277792843272,-0.3653396350778642, Private, Bachelors, Married-civ-spouse, Other-service, Husband, Male, United-States, >50K
-0.23064013313992351,-1.377077015762111,-0.4523557924130626,-0.23507402286269047,-0.2429277792843272,1.676931616910195, Private, HS-grad, Divorced, Craft-repair, Not-in-family, Male, United-States, <=50K
1.487952651596008,0.15169832073694303,-0.4523557924130626,4.640320604654754,-0.2429277792843272,-0.4504342705773667, Self-emp-inc, HS-grad, Married-civ-spouse, Sales, Wife, Female, United-States, >50K
-1.5756257907593483,-1.1218498710032885,-1.1979972084785506,-0.23507402286269047,-0.2429277792843272,-2.4076108870659234, Private, 11th, Never-married, Sales, Own-child, Female, United-States, <=50K
0.44185269566978885,-0.28353334202107405,-0.4523557924130626,-0.23507402286269047,-0.2429277792843272,-0.02496109307985433, Local-gov, HS-grad, Married-civ-spouse, Transport-moving, Husband, Male, United-States, <=50K
-0.08119728229332078,0.13235761504606378,-0.4523557924130626,-0.23507402286269047,-0.2429277792843272,-0.02496109307985433, Private, HS-grad, Married-civ-spouse, Craft-repair, Husband, Male, United-States, >50K
-0.23064013313992351,-0.3462744158563843,-0.07953508438031857,-0.23507402286269047,-0.2429277792843272,-0.02496109307985433, Private, Some-college, Never-married, Sales, Not-in-family, Female, United-States, <=50K
1.6373955024426108,-0.9425032001364368,-0.4523557924130626,-0.23507402286269047,-0.2429277792843272,-0.02496109307985433, Private, HS-grad, Married-civ-spouse, Craft-repair, Husband, Male, United-States, <=50K
1.1890669499028026,-0.5951423716692262,-2.3164593325767826,-0.23507402286269047,-0.2429277792843272,-0.02496109307985433, Self-emp-inc, 7th-8th, Married-civ-spouse, Machine-op-inspct, Husband, Male, United-States, >50K
-0.08119728229332078,3.8825686906305856,1.0389270397179136,-0.23507402286269047,-0.2429277792843272,1.676931616910195, Private, Bachelors, Never-married, Exec-managerial, Not-in-family, Male, United-States, >50K
0.8901812482095971,1.053019062407405,0.6661063316851694,-0.23507402286269047,-0.2429277792843272,-0.02496109307985433, Private, Assoc-acdm, Divorced, Sales, Not-in-family, Female, United-States, <=50K
-0.006475856870019402,-0.09349446242987698,1.0389270397179136,-0.23507402286269047,-0.2429277792843272,0.8259852619151704, Private, Bachelors, Married-civ-spouse, Sales, Husband, Male, Poland, <=50K
0.5165741210930902,-0.7353339812190325,1.0389270397179136,-0.23507402286269047,-0.2429277792843272,1.2514584394126829, Private, Bachelors, Married-civ-spouse, Prof-specialty, Husband, Male, United-States, <=50K
-0.9778543873729373,0.5415034461829131,-1.5708179165112945,-0.23507402286269047,-0.2429277792843272,-0.02496109307985433, Private, 10th, Never-married, Craft-repair, Not-in-family, Male, United-States, <=50K
-0.529525834833129,0.04027655910826324,-0.07953508438031857,-0.23507402286269047,-0.2429277792843272,-0.02496109307985433, Private, Some-college, Married-civ-spouse, Handlers-cleaners, Husband, Male, United-States, <=50K
1.9362812041358164,-0.0492257360707534,-3.062100748642271,-0.23507402286269047,-0.2429277792843272,-0.02496109307985433, Private, 1st-4th, Divorced, Sales, Not-in-family, Male, United-States, <=50K
3.879038265141652,-1.241349995417138,-0.4523557924130626,-0.23507402286269047,4.924851209155652,-0.02496109307985433, Private, HS-grad, Never-married, Other-service, Not-in-family, Male, United-States, <=50K
1.1890669499028026,-0.14549069977025436,-0.4523557924130626,-0.23507402286269047,-0.2429277792843272,-1.7268538030699039, Private, HS-grad, Married-civ-spouse, Adm-clerical, Husband, Male, United-States, <=50K
1.114345524479501,-0.4640816803163385,-3.434921456675015,-0.23507402286269047,-0.2429277792843272,-0.4504342705773667, Local-gov, Preschool, Never-married, Machine-op-inspct, Not-in-family, Female, United-States, <=50K
-1.5009043653360468,0.4389582351933126,-0.4523557924130626,-0.23507402286269047,-0.2429277792843272,-0.02496109307985433, Private, HS-grad, Never-married, Sales, Own-child, Female, United-States, <=50K
1.6373955024426108,-1.4828149781673488,-1.5708179165112945,-0.23507402286269047,-0.2429277792843272,-2.5778001580649286, Private, 10th, Divorced, Sales, Not-in-family, Female, United-States, <=50K
-0.45480440940982764,-0.08203037973691592,-0.4523557924130626,-0.23507402286269047,-0.2429277792843272,-0.5355289060768692, Private, HS-grad, Never-married, Other-service, Not-in-family, Female, United-States, <=50K
0.14296699397658336,0.12551600486969836,0.6661063316851694,-0.23507402286269047,4.388395457409162,1.676931616910195, Private, Assoc-acdm, Married-civ-spouse, Tech-support, Husband, Male, United-States, >50K
0.5165741210930902,-0.3519669863749243,-0.4523557924130626,-0.23507402286269047,-0.2429277792843272,-0.02496109307985433, Private, HS-grad, Married-civ-spouse, Adm-clerical, Husband, Male, United-States, <=50K
0.2176884193998847,-0.7061343398381087,1.7845684557834016,-0.23507402286269047,-0.2429277792843272,-0.02496109307985433, Private, Prof-school, Married-civ-spouse, Prof-specialty, Wife, Female, United-States, >50K
0.2924098448231861,1.7324435806910807,1.0389270397179136,-0.23507402286269047,-0.2429277792843272,-0.02496109307985433, Private, Bachelors, Married-civ-spouse, Adm-clerical, Wife, Female, United-States, <=50K
1.5626740770193095,-0.1924434424293367,-1.5708179165112945,-0.23507402286269047,-0.2429277792843272,-0.8759074480748791, Local-gov, 10th, Widowed, Other-service, Unmarried, Female, United-States, <=50K
-1.4261829399127455,-1.4550362865922855,-0.07953508438031857,-0.23507402286269047,-0.2429277792843272,-0.02496109307985433, Local-gov, Some-college, Never-married, Adm-clerical, Own-child, Male, United-States, <=50K
1.487952651596008,0.5766763395255098,-0.07953508438031857,-0.23507402286269047,-0.2429277792843272,-1.7268538030699039, Private, Some-college, Never-married, Transport-moving, Not-in-family, Male, United-States, <=50K
0.2924098448231861,0.9628764626862412,-0.4523557924130626,-0.23507402286269047,-0.2429277792843272,-0.02496109307985433, Self-emp-not-inc, HS-grad, Married-civ-spouse, Farming-fishing, Husband, Male, Cambodia, >50K
-1.3514615144894442,-0.6620498106760412,-0.4523557924130626,-0.23507402286269047,-0.2429277792843272,-0.02496109307985433, Private, HS-grad, Never-married, Other-service, Own-child, Female, United-States, <=50K
-0.45480440940982764,-0.18147055226185826,-0.4523557924130626,-0.23507402286269047,-0.2429277792843272,-0.8759074480748791, Private, HS-grad, Separated, Other-service, Not-in-family, Female, United-States, <=50K
0.5165741210930902,-0.04913802311977436,0.29328562365242544,-0.23507402286269047,-0.2429277792843272,0.40051208441765807, Private, Assoc-voc, Widowed, Exec-managerial, Not-in-family, Female, United-States, <=50K
0.8901812482095971,0.09867584187011083,-2.3164593325767826,-0.23507402286269047,-0.2429277792843272,-0.02496109307985433, Private, 7th-8th, Divorced, Craft-repair, Not-in-family, Male, United-States, <=50K
-0.15591870771662214,-0.37914922988333005,1.0389270397179136,-0.23507402286269047,-0.2429277792843272,-0.02496109307985433, Private, Bachelors, Divorced, Prof-specialty, Own-child, Female, United-States, <=50K
0.5165741210930902,-0.8348180102194643,-0.4523557924130626,-0.23507402286269047,-0.2429277792843272,1.676931616910195, Private, HS-grad, Married-civ-spouse, Sales, Husband, Male, United-States, <=50K
-1.5756257907593483,0.4618074589233536,-1.1979972084785506,-0.23507402286269047,-0.2429277792843272,-2.4076108870659234, Private, 11th, Never-married, Other-service, Own-child, Male, United-States, <=50K
1.5626740770193095,-0.4144887778327869,-0.07953508438031857,1.0837228199375555,-0.2429277792843272,-0.02496109307985433, Private, Some-college, Married-civ-spouse, Sales, Husband, Male, United-States, <=50K
-0.9031329619496359,1.6231620150662898,-1.1979972084785506,-0.23507402286269047,-0.2429277792843272,-0.02496109307985433, Private, 11th, Married-civ-spouse, Craft-repair, Husband, Male, United-States, <=50K
-0.08119728229332078,0.5615984832522121,-0.07953508438031857,-0.23507402286269047,-0.2429277792843272,2.9533511494027325, Self-emp-inc, Some-college, Married-civ-spouse, Exec-managerial, Husband, Male, Thailand, >50K
-1.4261829399127455,0.22531580049365477,-0.07953508438031857,-0.23507402286269047,-0.2429277792843272,-1.386475261071894, Private, Some-college, Never-married, Sales, Own-child, Male, Canada, <=50K
1.9362812041358164,-1.5094884865600762,-0.4523557924130626,-0.23507402286269047,-0.2429277792843272,-0.02496109307985433, Private, HS-grad, Married-civ-spouse, Exec-managerial, Husband, Male, United-States, >50K
-0.3800829839865263,-0.06831207420379341,1.0389270397179136,-0.23507402286269047,-0.2429277792843272,0.40051208441765807, Private, Bachelors, Never-married, Prof-specialty, Not-in-family, Female, United-States, <=50K
-0.3800829839865263,0.2538137382667462,-0.4523557924130626,-0.23507402286269047,-0.2429277792843272,-0.02496109307985433, Private, HS-grad, Married-civ-spouse, Craft-repair, Wife, Female, United-States, >50K
1.712116927865912,-1.0823878143578165,-0.4523557924130626,-0.23507402286269047,-0.2429277792843272,-0.02496109307985433, Private, HS-grad, Married-civ-spouse, Exec-managerial, Husband, Male, United-States, >50K
-1.5756257907593483,-0.017613988537905894,-1.9436386245440387,0.10728096462605445,-0.2429277792843272,-1.386475261071894, Private, 9th, Never-married, Other-service, Own-child, Male, United-States, <=50K
0.8901812482095971,-1.4263453803270403,1.4117477477506575,0.5460145599670811,-0.2429277792843272,4.910527765891289, Self-emp-not-inc, Masters, Married-civ-spouse, Farming-fishing, Husband, Male, United-States, <=50K
-0.8284115365263345,0.13894485766459,1.4117477477506575,-0.23507402286269047,-0.2429277792843272,-0.4504342705773667, Local-gov, Masters, Never-married, Prof-specialty, Own-child, Male, United-States, <=50K
-0.6042472602564304,-1.0779144538578853,-0.4523557924130626,-0.23507402286269047,-0.2429277792843272,-0.02496109307985433, Private, HS-grad, Divorced, Prof-specialty, Own-child, Female, United-States, <=50K
0.36713127024648745,2.4973180558185417,-0.4523557924130626,-0.23507402286269047,-0.2429277792843272,-0.02496109307985433, Private, HS-grad, Married-civ-spouse, Handlers-cleaners, Husband, Male, United-States, <=50K
0.44185269566978885,-0.19598704564889008,-0.07953508438031857,2.133178772106845,-0.2429277792843272,-0.02496109307985433, Private, Some-college, Married-civ-spouse, Craft-repair, Husband, Male, United-States, >50K
-0.23064013313992351,-0.027139615014230088,-0.07953508438031857,-0.23507402286269047,-0.2429277792843272,-0.02496109307985433, Private, Some-college, Never-married, Exec-managerial, Not-in-family, Female, United-States, <=50K
-0.9778543873729373,0.004551074174498562,-0.07953508438031857,-0.23507402286269047,-0.2429277792843272,-0.02496109307985433, Private, Some-college, Never-married, Tech-support, Own-child, Female, United-States, <=50K
-1.0525758127962386,0.7561194946384383,-0.07953508438031857,2.133178772106845,-0.2429277792843272,0.6557959909161655, Private, Some-college, Married-civ-spouse, Machine-op-inspct, Wife, Female, United-States, >50K
-1.2020186636428414,-1.388935806734478,1.0389270397179136,-0.23507402286269047,-0.2429277792843272,-2.152326980567416, Private, Bachelors, Never-married, Prof-specialty, Not-in-family, Female, Germany, <=50K
0.2924098448231861,-0.8383616134390177,-0.07953508438031857,1.4452237261578982,-0.2429277792843272,-0.02496109307985433, Local-gov, Some-college, Married-civ-spouse, Craft-repair, Husband, Male, United-States, >50K
-0.3053615585632249,-0.15661270195439714,0.6661063316851694,-0.23507402286269047,-0.2429277792843272,0.40051208441765807, Private, Assoc-acdm, Divorced, Sales, Unmarried, Female, United-States, <=50K
1.6373955024426108,-0.16935739373165226,1.0389270397179136,-0.23507402286269047,-0.2429277792843272,0.1452281779191506, Private, Bachelors, Divorced, Prof-specialty, Not-in-family, Female, United-States, <=50K
-1.2767400890661427,0.10956101908661021,-0.4523557924130626,-0.23507402286269047,-0.2429277792843272,-0.02496109307985433, Private, HS-grad, Never-married, Handlers-cleaners, Own-child, Male, United-States, <=50K
1.4132312261727067,2.0340007061570344,1.4117477477506575,4.640320604654754,-0.2429277792843272,-0.02496109307985433, Federal-gov, Masters, Married-civ-spouse, Sales, Husband, Male, United-States, >50K
0.2176884193998847,0.23913059027285422,1.7845684557834016,-0.23507402286269047,-0.2429277792843272,1.676931616910195, Private, Prof-school, Married-civ-spouse, Prof-specialty, Husband, Male, United-States, >50K
0.8901812482095971,-0.14612223301730348,-0.07953508438031857,-0.23507402286269047,-0.2429277792843272,0.40051208441765807, Private, Some-college, Divorced, Other-service, Not-in-family, Male, United-States, <=50K
-0.9778543873729373,1.5675958606210652,1.0389270397179136,-0.23507402286269047,-0.2429277792843272,-0.02496109307985433, Private, Bachelors, Never-married, Exec-managerial, Not-in-family, Female, United-States, <=50K
0.8901812482095971,0.00540188979899529,-2.3164593325767826,-0.23507402286269047,-0.2429277792843272,-0.02496109307985433, Private, 7th-8th, Married-civ-spouse, Craft-repair, Husband, Male, Ecuador, <=50K
-0.15591870771662214,0.062134626492241045,1.0389270397179136,-0.23507402286269047,-0.2429277792843272,0.40051208441765807, Private, Bachelors, Married-civ-spouse, Prof-specialty, Husband, Male, United-States, <=50K
-0.529525834833129,-0.5760384909459905,-0.4523557924130626,-0.23507402286269047,-0.2429277792843272,-0.02496109307985433, Private, HS-grad, Divorced, Prof-specialty, Not-in-family, Female, United-States, <=50K
-0.6789686856797318,0.23814820522188893,1.0389270397179136,-0.23507402286269047,-0.2429277792843272,1.3365530749121852, Local-gov, Bachelors, Never-married, Protective-serv, Not-in-family, Male, United-States, <=50K
-1.2767400890661427,0.33912335438896457,-0.07953508438031857,-0.23507402286269047,-0.2429277792843272,0.40051208441765807, Private, Some-college, Never-married, Sales, Own-child, Male, United-States, <=50K
-0.8284115365263345,0.4835953559465482,1.0389270397179136,-0.23507402286269047,-0.2429277792843272,-0.02496109307985433, Private, Bachelors, Never-married, Tech-support, Unmarried, Female, United-States, <=50K
2.0110026295591177,-0.7207648600614133,-0.4523557924130626,-0.23507402286269047,-0.2429277792843272,-2.0672323450679135, Private, HS-grad, Married-civ-spouse, Transport-moving, Husband, Male, United-States, <=50K
-0.08119728229332078,-1.1915290392610411,1.0389270397179136,-0.23507402286269047,-0.2429277792843272,1.676931616910195, Self-emp-inc, Bachelors, Divorced, Sales, Not-in-family, Female, United-States, <=50K
0.06824556855328197,-0.31423287486373946,1.4117477477506575,0.8890185616501175,-0.2429277792843272,-0.02496109307985433, Private, Masters, Married-civ-spouse, Sales, Wife, Female, United-States, <=50K
-1.0525758127962386,0.7443484166170506,-0.4523557924130626,-0.23507402286269047,-0.2429277792843272,-0.02496109307985433, Private, HS-grad, Never-married, Craft-repair, Own-child, Male, United-States, <=50K
-0.006475856870019402,-0.208749280016341,-0.4523557924130626,-0.23507402286269047,-0.2429277792843272,3.3788243269002445, Private, HS-grad, Divorced, Sales, Not-in-family, Male, United-States, <=50K
0.7407383973629943,-0.41225209758282133,1.0389270397179136,2.2597365399936797,-0.2429277792843272,-0.02496109307985433, Private, Bachelors, Married-civ-spouse, Adm-clerical, Husband, Male, United-States, >50K
-1.2767400890661427,-0.3469059491034334,-0.07953508438031857,-0.23507402286269047,-0.2429277792843272,-1.3013806255723914, Private, Some-college, Never-married, Other-service, Not-in-family, Female, United-States, <=50K
-0.529525834833129,0.21219394302718977,-0.4523557924130626,-0.23507402286269047,-0.2429277792843272,0.40051208441765807, Private, HS-grad, Married-civ-spouse, Transport-moving, Husband, Male, United-States, >50K
1.2637883753261039,0.3979524306106095,-0.4523557924130626,1.1882141052184803,-0.2429277792843272,-0.02496109307985433, Private, HS-grad, Married-civ-spouse, Sales, Husband, Male, United-States, >50K
-1.0525758127962386,0.9650868290509131,-0.07953508438031857,-0.23507402286269047,-0.2429277792843272,-0.02496109307985433, Private, Some-college, Married-civ-spouse, Adm-clerical, Wife, Female, Laos, <=50K
0.36713127024648745,-0.1749622512992132,-0.4523557924130626,-0.23507402286269047,-0.2429277792843272,-0.02496109307985433, Private, HS-grad, Divorced, Adm-clerical, Not-in-family, Female, United-States, <=50K
-0.9031329619496359,0.00593693879996746,0.6661063316851694,-0.23507402286269047,-0.2429277792843272,0.40051208441765807, Private, Assoc-acdm, Never-married, Tech-support, Not-in-family, Male, United-States, <=50K
0.5912955465163916,-0.9664751496390096,0.6661063316851694,-0.23507402286269047,-0.2429277792843272,-0.6206235415763717, Private, Assoc-acdm, Never-married, Prof-specialty, Not-in-family, Female, United-States, <=50K
-0.23064013313992351,0.004796670437239885,0.6661063316851694,-0.23507402286269047,-0.2429277792843272,-0.02496109307985433, Private, Assoc-acdm, Married-civ-spouse, Adm-clerical, Husband, Male, United-States, >50K
0.2176884193998847,-1.3883305873727225,-0.07953508438031857,-0.23507402286269047,-0.2429277792843272,1.1663638039131803, Self-emp-inc, Some-college, Married-civ-spouse, Farming-fishing, Husband, Male, United-States, >50K
-0.9031329619496359,-1.175021461886785,1.0389270397179136,-0.23507402286269047,-0.2429277792843272,-0.02496109307985433, Private, Bachelors, Never-married, Sales, Not-in-family, Male, United-States, <=50K
-0.3053615585632249,-0.4418201333578571,1.4117477477506575,2.133178772106845,-0.2429277792843272,-0.4504342705773667, Private, Masters, Married-civ-spouse, Exec-managerial, Husband, Male, Taiwan, >50K
-1.4261829399127455,5.851154305928763,-0.07953508438031857,-0.23507402286269047,-0.2429277792843272,-1.3013806255723914, Private, Some-college, Never-married, Sales, Own-child, Female, United-States, <=50K
-0.15591870771662214,0.10822778223172874,1.0389270397179136,-0.23507402286269047,-0.2429277792843272,-0.02496109307985433, Self-emp-not-inc, Bachelors, Divorced, Prof-specialty, Not-in-family, Female, United-States, >50K
-1.2020186636428414,0.05639819949821156,-0.07953508438031857,-0.23507402286269047,-0.2429277792843272,-2.152326980567416, Private, Some-college, Never-married, Sales, Own-child, Male, United-States, <=50K
-1.0525758127962386,-0.01152670973996023,-0.07953508438031857,-0.23507402286269047,-0.2429277792843272,-0.02496109307985433, Private, Some-college, Never-married, Machine-op-inspct, Not-in-family, Male, United-States, <=50K
2.907659734638734,-0.47851046075239123,-0.07953508438031857,-0.23507402286269047,-0.2429277792843272,-0.02496109307985433, Self-emp-not-inc, Some-college, Married-civ-spouse, Sales, Husband, Male, United-States, <=50K
-1.2020186636428414,1.805297957774275,-2.6892800406095265,-0.23507402286269047,-0.2429277792843272,-0.02496109307985433, Private, 5th-6th, Married-civ-spouse, Machine-op-inspct, Other-relative, Female, Mexico, <=50K
-0.6789686856797318,2.016431802075932,-0.07953508438031857,-0.23507402286269047,-0.2429277792843272,-0.02496109307985433, Private, Some-college, Never-married, Tech-support, Not-in-family, Female, United-States, <=50K
1.7868383532892136,-0.2931993092189647,-0.4523557924130626,-0.23507402286269047,-0.2429277792843272,-1.386475261071894, Private, HS-grad, Widowed, Other-service, Not-in-family, Female, United-States, <=50K
